Satellite_ID,Timestamp,Value,Category,Control_Status
Satellite_D,2023-01-01 00:00:00,7002.793443841847,0,Uncontrolled: Monitoring required
Satellite_D,2023-01-01 00:10:00,7014.3175740059005,0,Uncontrolled: Monitoring required
Satellite_D,2023-01-01 00:20:00,7008.682026869056,0,Uncontrolled: Monitoring required
Satellite_D,2023-01-01 00:30:00,6988.017687811647,0,Uncontrolled: Monitoring required
Satellite_D,2023-01-01 00:40:00,6995.810525917562,0,Uncontrolled: Monitoring required
Satellite_D,2023-01-01 00:50:00,7009.463212331481,0,Uncontrolled: Monitoring required
Satellite_D,2023-01-01 01:00:00,6993.783712584905,0,Uncontrolled: Monitoring required
Satellite_D,2023-01-01 01:10:00,7005.461980587154,0,Uncontrolled: Monitoring required
Satellite_D,2023-01-01 01:20:00,7001.019236653276,0,Uncontrolled: Monitoring required
Satellite_D,2023-01-01 01:30:00,7008.359496340411,0,Uncontrolled: Monitoring required
Satellite_D,2023-01-01 01:40:00,7005.063793700531,0,Uncontrolled: Monitoring required
Satellite_D,2023-01-01 01:50:00,6995.154280458031,0,Uncontrolled: Monitoring required
Satellite_D,2023-01-01 02:00:00,7013.790016762744,0,Uncontrolled: Monitoring required
Satellite_D,2023-01-01 02:10:00,7013.789622070179,0,Uncontrolled: Monitoring required
Satellite_D,2023-01-01 02:20:00,7015.476767953945,0,Uncontrolled: Monitoring required
Satellite_D,2023-01-01 02:30:00,6998.458406576372,0,Uncontrolled: Monitoring required
Satellite_D,2023-01-01 02:40:00,7026.154215513879,0,Uncontrolled: Monitoring required
Satellite_D,2023-01-01 02:50:00,7007.865078660802,0,Uncontrolled: Monitoring required
Satellite_D,2023-01-01 03:00:00,7005.154658561438,0,Uncontrolled: Monitoring required
Satellite_D,2023-01-01 03:10:00,7010.10758725134,0,Uncontrolled: Monitoring required
Satellite_D,2023-01-01 03:20:00,7010.127299634376,0,Uncontrolled: Monitoring required
Satellite_D,2023-01-01 03:30:00,7023.169964374374,0,Uncontrolled: Monitoring required
Satellite_D,2023-01-01 03:40:00,7005.909142344723,0,Uncontrolled: Monitoring required
Satellite_D,2023-01-01 03:50:00,7016.611877808559,0,Uncontrolled: Monitoring required
Satellite_D,2023-01-01 04:00:00,6998.531716438344,0,Uncontrolled: Monitoring required
Satellite_D,2023-01-01 04:10:00,7025.6686027177875,0,Uncontrolled: Monitoring required
Satellite_D,2023-01-01 04:20:00,6999.240937138371,0,Uncontrolled: Monitoring required
Satellite_D,2023-01-01 04:30:00,7017.608207653654,0,Uncontrolled: Monitoring required
Satellite_D,2023-01-01 04:40:00,7006.815120542139,0,Uncontrolled: Monitoring required
Satellite_D,2023-01-01 04:50:00,7024.060027196718,0,Uncontrolled: Monitoring required
Satellite_D,2023-01-01 05:00:00,7014.480051244133,0,Uncontrolled: Monitoring required
Satellite_D,2023-01-01 05:10:00,7008.815382620461,0,Uncontrolled: Monitoring required
Satellite_D,2023-01-01 05:20:00,7017.590246393655,0,Uncontrolled: Monitoring required
Satellite_D,2023-01-01 05:30:00,7016.725142895662,0,Uncontrolled: Monitoring required
Satellite_D,2023-01-01 05:40:00,6988.9900745375535,0,Uncontrolled: Monitoring required
Satellite_D,2023-01-01 05:50:00,7019.323013931225,0,Uncontrolled: Monitoring required
Satellite_D,2023-01-01 06:00:00,7021.43699985849,0,Uncontrolled: Monitoring required
Satellite_D,2023-01-01 06:10:00,7020.607771029124,0,Uncontrolled: Monitoring required
Satellite_D,2023-01-01 06:20:00,7015.192488530086,0,Uncontrolled: Monitoring required
Satellite_D,2023-01-01 06:30:00,7018.1221802969385,0,Uncontrolled: Monitoring required
Satellite_D,2023-01-01 06:40:00,7013.312950519997,0,Uncontrolled: Monitoring required
Satellite_D,2023-01-01 06:50:00,7006.377407025857,0,Uncontrolled: Monitoring required
Satellite_D,2023-01-01 07:00:00,7006.621024477463,0,Uncontrolled: Monitoring required
Satellite_D,2023-01-01 07:10:00,7006.841260624208,0,Uncontrolled: Monitoring required
Satellite_D,2023-01-01 07:20:00,7005.5764013676035,0,Uncontrolled: Monitoring required
Satellite_D,2023-01-01 07:30:00,7005.38309587923,0,Uncontrolled: Monitoring required
Satellite_D,2023-01-01 07:40:00,7026.822086210891,0,Uncontrolled: Monitoring required
Satellite_D,2023-01-01 07:50:00,7020.197583350001,0,Uncontrolled: Monitoring required
Satellite_D,2023-01-01 08:00:00,7025.0991806301845,0,Uncontrolled: Monitoring required
Satellite_D,2023-01-01 08:10:00,7017.411350634234,0,Uncontrolled: Monitoring required
Satellite_D,2023-01-01 08:20:00,7014.649633599309,0,Uncontrolled: Monitoring required
Satellite_D,2023-01-01 08:30:00,7015.908806923239,0,Uncontrolled: Monitoring required
Satellite_D,2023-01-01 08:40:00,7018.99996214622,0,Uncontrolled: Monitoring required
Satellite_D,2023-01-01 08:50:00,7032.538071722223,1,Entering controlled maintenance
Satellite_D,2023-01-01 09:00:00,7008.955813876134,0,Uncontrolled: Monitoring required
Satellite_D,2023-01-01 09:10:00,7030.359579925738,1,Entering controlled maintenance
Satellite_D,2023-01-01 09:20:00,7020.8978551306045,0,Uncontrolled: Monitoring required
Satellite_D,2023-01-01 09:30:00,7017.05404548337,0,Uncontrolled: Monitoring required
Satellite_D,2023-01-01 09:40:00,7019.676077438559,0,Uncontrolled: Monitoring required
Satellite_D,2023-01-01 09:50:00,7019.259861201563,0,Uncontrolled: Monitoring required
Satellite_D,2023-01-01 10:00:00,7013.901171252074,0,Uncontrolled: Monitoring required
Satellite_D,2023-01-01 10:10:00,7010.279889171316,0,Uncontrolled: Monitoring required
Satellite_D,2023-01-01 10:20:00,7013.334833803462,0,Uncontrolled: Monitoring required
Satellite_D,2023-01-01 10:30:00,7017.190236598253,0,Uncontrolled: Monitoring required
Satellite_D,2023-01-01 10:40:00,7011.359627590491,0,Uncontrolled: Monitoring required
Satellite_D,2023-01-01 10:50:00,7017.111953997553,0,Uncontrolled: Monitoring required
Satellite_D,2023-01-01 11:00:00,6993.622396975967,0,Uncontrolled: Monitoring required
Satellite_D,2023-01-01 11:10:00,7037.537983083862,1,Entering controlled maintenance
Satellite_D,2023-01-01 11:20:00,7023.157828672539,0,Uncontrolled: Monitoring required
Satellite_D,2023-01-01 11:30:00,7004.785708519261,0,Uncontrolled: Monitoring required
Satellite_D,2023-01-01 11:40:00,7025.356018600394,0,Uncontrolled: Monitoring required
Satellite_D,2023-01-01 11:50:00,7012.739057864339,0,Uncontrolled: Monitoring required
Satellite_D,2023-01-01 12:00:00,7005.712010051581,0,Uncontrolled: Monitoring required
Satellite_D,2023-01-01 12:10:00,6992.479139359115,0,Uncontrolled: Monitoring required
Satellite_D,2023-01-01 12:20:00,7012.9063113487555,0,Uncontrolled: Monitoring required
Satellite_D,2023-01-01 12:30:00,6988.23402678614,0,Uncontrolled: Monitoring required
Satellite_D,2023-01-01 12:40:00,7004.976995534637,0,Uncontrolled: Monitoring required
Satellite_D,2023-01-01 12:50:00,7017.991229617107,0,Uncontrolled: Monitoring required
Satellite_D,2023-01-01 13:00:00,7000.424816803853,0,Uncontrolled: Monitoring required
Satellite_D,2023-01-01 13:10:00,7019.1231667336515,0,Uncontrolled: Monitoring required
Satellite_D,2023-01-01 13:20:00,6995.088960849544,0,Uncontrolled: Monitoring required
Satellite_D,2023-01-01 13:30:00,7018.680690885653,0,Uncontrolled: Monitoring required
Satellite_D,2023-01-01 13:40:00,7000.107428506835,0,Uncontrolled: Monitoring required
Satellite_D,2023-01-01 13:50:00,7004.078262505012,0,Uncontrolled: Monitoring required
Satellite_D,2023-01-01 14:00:00,6997.223456438433,0,Uncontrolled: Monitoring required
Satellite_D,2023-01-01 14:10:00,7019.462129859398,0,Uncontrolled: Monitoring required
Satellite_D,2023-01-01 14:20:00,6987.35303779567,0,Uncontrolled: Monitoring required
Satellite_D,2023-01-01 14:30:00,7006.667621301403,0,Uncontrolled: Monitoring required
Satellite_D,2023-01-01 14:40:00,7000.610879070667,0,Uncontrolled: Monitoring required
Satellite_D,2023-01-01 14:50:00,7003.598385108477,0,Uncontrolled: Monitoring required
Satellite_D,2023-01-01 15:00:00,6980.937288320448,0,Uncontrolled: Monitoring required
Satellite_D,2023-01-01 15:10:00,6978.7624516067035,0,Uncontrolled: Monitoring required
Satellite_D,2023-01-01 15:20:00,7000.538048292119,0,Uncontrolled: Monitoring required
Satellite_D,2023-01-01 15:30:00,6990.9124882236,0,Uncontrolled: Monitoring required
Satellite_D,2023-01-01 15:40:00,7007.199913971036,0,Uncontrolled: Monitoring required
Satellite_D,2023-01-01 15:50:00,6989.401142853464,0,Uncontrolled: Monitoring required
Satellite_D,2023-01-01 16:00:00,7001.240051560208,0,Uncontrolled: Monitoring required
Satellite_D,2023-01-01 16:10:00,7000.944082261918,0,Uncontrolled: Monitoring required
Satellite_D,2023-01-01 16:20:00,7005.165566133594,0,Uncontrolled: Monitoring required
Satellite_D,2023-01-01 16:30:00,7001.966377870792,0,Uncontrolled: Monitoring required
Satellite_D,2023-01-01 16:40:00,6991.67549382885,0,Uncontrolled: Monitoring required
Satellite_D,2023-01-01 16:50:00,6994.262429927467,0,Uncontrolled: Monitoring required
Satellite_D,2023-01-01 17:00:00,6973.458380851191,0,Uncontrolled: Monitoring required
Satellite_D,2023-01-01 17:10:00,6985.686365516126,0,Uncontrolled: Monitoring required
Satellite_D,2023-01-01 17:20:00,6993.153267953961,0,Uncontrolled: Monitoring required
Satellite_D,2023-01-01 17:30:00,6989.419240882434,0,Uncontrolled: Monitoring required
Satellite_D,2023-01-01 17:40:00,6985.598451404035,0,Uncontrolled: Monitoring required
Satellite_D,2023-01-01 17:50:00,7002.456746392772,0,Uncontrolled: Monitoring required
Satellite_D,2023-01-01 18:00:00,7003.336191467011,0,Uncontrolled: Monitoring required
Satellite_D,2023-01-01 18:10:00,6998.303130976858,0,Uncontrolled: Monitoring required
Satellite_D,2023-01-01 18:20:00,7004.691323718118,0,Uncontrolled: Monitoring required
Satellite_D,2023-01-01 18:30:00,6987.4786386835785,0,Uncontrolled: Monitoring required
Satellite_D,2023-01-01 18:40:00,6979.202847161674,0,Uncontrolled: Monitoring required
Satellite_D,2023-01-01 18:50:00,6987.938681643177,0,Uncontrolled: Monitoring required
Satellite_D,2023-01-01 19:00:00,6991.782032190689,0,Uncontrolled: Monitoring required
Satellite_D,2023-01-01 19:10:00,6989.759649055606,0,Uncontrolled: Monitoring required
Satellite_D,2023-01-01 19:20:00,6985.255246802087,0,Uncontrolled: Monitoring required
Satellite_D,2023-01-01 19:30:00,7000.574825295708,0,Uncontrolled: Monitoring required
Satellite_D,2023-01-01 19:40:00,6999.211230889455,0,Uncontrolled: Monitoring required
Satellite_D,2023-01-01 19:50:00,6993.464082006369,0,Uncontrolled: Monitoring required
Satellite_D,2023-01-01 20:00:00,7007.993168939945,0,Uncontrolled: Monitoring required
Satellite_D,2023-01-01 20:10:00,7012.489366613382,0,Uncontrolled: Monitoring required
Satellite_D,2023-01-01 20:20:00,6997.673862285422,0,Uncontrolled: Monitoring required
Satellite_D,2023-01-01 20:30:00,6987.645792058314,0,Uncontrolled: Monitoring required
Satellite_D,2023-01-01 20:40:00,7006.603687641677,0,Uncontrolled: Monitoring required
Satellite_D,2023-01-01 20:50:00,6997.507955476234,0,Uncontrolled: Monitoring required
Satellite_D,2023-01-01 21:00:00,6996.794023487284,0,Uncontrolled: Monitoring required
Satellite_D,2023-01-01 21:10:00,7004.460537453346,0,Uncontrolled: Monitoring required
Satellite_D,2023-01-01 21:20:00,7006.374512666186,0,Uncontrolled: Monitoring required
Satellite_D,2023-01-01 21:30:00,6999.408415792383,0,Uncontrolled: Monitoring required
Satellite_D,2023-01-01 21:40:00,6985.088605164518,0,Uncontrolled: Monitoring required
Satellite_D,2023-01-01 21:50:00,6980.646369051814,0,Uncontrolled: Monitoring required
Satellite_D,2023-01-01 22:00:00,6992.54500009549,0,Uncontrolled: Monitoring required
Satellite_D,2023-01-01 22:10:00,6987.707359972315,0,Uncontrolled: Monitoring required
Satellite_D,2023-01-01 22:20:00,6999.730994209753,0,Uncontrolled: Monitoring required
Satellite_D,2023-01-01 22:30:00,6990.795332689887,0,Uncontrolled: Monitoring required
Satellite_D,2023-01-01 22:40:00,7006.839490475592,0,Uncontrolled: Monitoring required
Satellite_D,2023-01-01 22:50:00,7004.33314482848,0,Uncontrolled: Monitoring required
Satellite_D,2023-01-01 23:00:00,7002.185537806748,0,Uncontrolled: Monitoring required
Satellite_D,2023-01-01 23:10:00,6999.016492377385,0,Uncontrolled: Monitoring required
Satellite_D,2023-01-01 23:20:00,6994.634433828141,0,Uncontrolled: Monitoring required
Satellite_D,2023-01-01 23:30:00,6998.8422261930145,0,Uncontrolled: Monitoring required
Satellite_D,2023-01-01 23:40:00,6985.624328001734,0,Uncontrolled: Monitoring required
Satellite_D,2023-01-01 23:50:00,6985.371853663218,0,Uncontrolled: Monitoring required
Satellite_D,2023-01-02 00:00:00,7004.8998848691035,0,Uncontrolled: Monitoring required
Satellite_D,2023-01-02 00:10:00,6995.074442360775,0,Uncontrolled: Monitoring required
Satellite_D,2023-01-02 00:20:00,6979.29713949941,0,Uncontrolled: Monitoring required
Satellite_D,2023-01-02 00:30:00,6995.817160552555,0,Uncontrolled: Monitoring required
Satellite_D,2023-01-02 00:40:00,6997.418201920591,0,Uncontrolled: Monitoring required
Satellite_D,2023-01-02 00:50:00,6986.627950666965,0,Uncontrolled: Monitoring required
Satellite_D,2023-01-02 01:00:00,6998.55857113467,0,Uncontrolled: Monitoring required
Satellite_D,2023-01-02 01:10:00,7010.595149934919,0,Uncontrolled: Monitoring required
Satellite_D,2023-01-02 01:20:00,6997.32741000062,0,Uncontrolled: Monitoring required
Satellite_D,2023-01-02 01:30:00,6993.73351558553,0,Uncontrolled: Monitoring required
Satellite_D,2023-01-02 01:40:00,6991.090242446491,0,Uncontrolled: Monitoring required
Satellite_D,2023-01-02 01:50:00,7008.919385151534,0,Uncontrolled: Monitoring required
Satellite_D,2023-01-02 02:00:00,6998.485357661462,0,Uncontrolled: Monitoring required
Satellite_D,2023-01-02 02:10:00,6989.201291802971,0,Uncontrolled: Monitoring required
Satellite_D,2023-01-02 02:20:00,7009.089585425476,0,Uncontrolled: Monitoring required
Satellite_D,2023-01-02 02:30:00,7009.549766771653,0,Uncontrolled: Monitoring required
Satellite_D,2023-01-02 02:40:00,7007.373715321841,0,Uncontrolled: Monitoring required
Satellite_D,2023-01-02 02:50:00,6992.647453061637,0,Uncontrolled: Monitoring required
Satellite_D,2023-01-02 03:00:00,7003.181221822414,0,Uncontrolled: Monitoring required
Satellite_D,2023-01-02 03:10:00,7008.446246003074,0,Uncontrolled: Monitoring required
Satellite_D,2023-01-02 03:20:00,7020.148858369803,0,Uncontrolled: Monitoring required
Satellite_D,2023-01-02 03:30:00,7015.812573368599,0,Uncontrolled: Monitoring required
Satellite_D,2023-01-02 03:40:00,6992.082083141175,0,Uncontrolled: Monitoring required
Satellite_D,2023-01-02 03:50:00,7013.897781197313,0,Uncontrolled: Monitoring required
Satellite_D,2023-01-02 04:00:00,7026.677340338621,0,Uncontrolled: Monitoring required
Satellite_D,2023-01-02 04:10:00,7016.554009425039,0,Uncontrolled: Monitoring required
Satellite_D,2023-01-02 04:20:00,6990.865957186919,0,Uncontrolled: Monitoring required
Satellite_D,2023-01-02 04:30:00,7001.288625843688,0,Uncontrolled: Monitoring required
Satellite_D,2023-01-02 04:40:00,7026.495356910748,0,Uncontrolled: Monitoring required
Satellite_D,2023-01-02 04:50:00,7021.657733899063,0,Uncontrolled: Monitoring required
Satellite_D,2023-01-02 05:00:00,7019.033442271837,0,Uncontrolled: Monitoring required
Satellite_D,2023-01-02 05:10:00,7013.595910668049,0,Uncontrolled: Monitoring required
Satellite_D,2023-01-02 05:20:00,6999.946609854663,0,Uncontrolled: Monitoring required
Satellite_D,2023-01-02 05:30:00,7014.641472586451,0,Uncontrolled: Monitoring required
Satellite_D,2023-01-02 05:40:00,7010.217961122768,0,Uncontrolled: Monitoring required
Satellite_D,2023-01-02 05:50:00,7014.621195379387,0,Uncontrolled: Monitoring required
Satellite_D,2023-01-02 06:00:00,7034.273895151004,1,Entering controlled maintenance
Satellite_D,2023-01-02 06:10:00,7022.034916747592,0,Uncontrolled: Monitoring required
Satellite_D,2023-01-02 06:20:00,7023.065162840892,0,Uncontrolled: Monitoring required
Satellite_D,2023-01-02 06:30:00,7018.117481746816,0,Uncontrolled: Monitoring required
Satellite_D,2023-01-02 06:40:00,7018.158346863273,0,Uncontrolled: Monitoring required
Satellite_D,2023-01-02 06:50:00,7025.599895470506,0,Uncontrolled: Monitoring required
Satellite_D,2023-01-02 07:00:00,7010.788193360633,0,Uncontrolled: Monitoring required
Satellite_D,2023-01-02 07:10:00,7014.592310776301,0,Uncontrolled: Monitoring required
Satellite_D,2023-01-02 07:20:00,7023.405124626467,0,Uncontrolled: Monitoring required
Satellite_D,2023-01-02 07:30:00,7022.268046202364,0,Uncontrolled: Monitoring required
Satellite_D,2023-01-02 07:40:00,7000.825684634408,0,Uncontrolled: Monitoring required
Satellite_D,2023-01-02 07:50:00,7013.751690994198,0,Uncontrolled: Monitoring required
Satellite_D,2023-01-02 08:00:00,7023.4917761132065,0,Uncontrolled: Monitoring required
Satellite_D,2023-01-02 08:10:00,7039.15906025417,1,Entering controlled maintenance
Satellite_D,2023-01-02 08:20:00,7025.152784423237,0,Uncontrolled: Monitoring required
Satellite_D,2023-01-02 08:30:00,7022.961143548537,0,Uncontrolled: Monitoring required
Satellite_D,2023-01-02 08:40:00,7028.433819882665,0,Uncontrolled: Monitoring required
Satellite_D,2023-01-02 08:50:00,7020.120917159314,0,Uncontrolled: Monitoring required
Satellite_D,2023-01-02 09:00:00,7020.6916100468015,0,Uncontrolled: Monitoring required
Satellite_D,2023-01-02 09:10:00,7024.741368060646,0,Uncontrolled: Monitoring required
Satellite_D,2023-01-02 09:20:00,7023.767233900222,0,Uncontrolled: Monitoring required
Satellite_D,2023-01-02 09:30:00,7014.537046427634,0,Uncontrolled: Monitoring required
Satellite_D,2023-01-02 09:40:00,7026.5087958464255,0,Uncontrolled: Monitoring required
Satellite_D,2023-01-02 09:50:00,7015.750649503598,0,Uncontrolled: Monitoring required
Satellite_D,2023-01-02 10:00:00,7022.061133971447,0,Uncontrolled: Monitoring required
Satellite_D,2023-01-02 10:10:00,7028.857376045685,0,Uncontrolled: Monitoring required
Satellite_D,2023-01-02 10:20:00,7025.47126642046,0,Uncontrolled: Monitoring required
Satellite_D,2023-01-02 10:30:00,7019.078447802301,0,Uncontrolled: Monitoring required
Satellite_D,2023-01-02 10:40:00,7007.510654400597,0,Uncontrolled: Monitoring required
Satellite_D,2023-01-02 10:50:00,7013.290630901871,0,Uncontrolled: Monitoring required
Satellite_D,2023-01-02 11:00:00,7017.400370699714,0,Uncontrolled: Monitoring required
Satellite_D,2023-01-02 11:10:00,7017.944143201189,0,Uncontrolled: Monitoring required
Satellite_D,2023-01-02 11:20:00,7040.2526913800775,1,Entering controlled maintenance
Satellite_D,2023-01-02 11:30:00,7026.723453241219,0,Uncontrolled: Monitoring required
Satellite_D,2023-01-02 11:40:00,7033.75908637405,1,Entering controlled maintenance
Satellite_D,2023-01-02 11:50:00,7024.749826816283,0,Uncontrolled: Monitoring required
Satellite_D,2023-01-02 12:00:00,7036.348888458025,1,Entering controlled maintenance
Satellite_D,2023-01-02 12:10:00,7023.807404498602,0,Uncontrolled: Monitoring required
Satellite_D,2023-01-02 12:20:00,7027.337191680626,0,Uncontrolled: Monitoring required
Satellite_D,2023-01-02 12:30:00,7023.276032723401,0,Uncontrolled: Monitoring required
Satellite_D,2023-01-02 12:40:00,7020.061114698037,0,Uncontrolled: Monitoring required
Satellite_D,2023-01-02 12:50:00,7017.704861380588,0,Uncontrolled: Monitoring required
Satellite_D,2023-01-02 13:00:00,7026.974389954453,0,Uncontrolled: Monitoring required
Satellite_D,2023-01-02 13:10:00,7009.075174347748,0,Uncontrolled: Monitoring required
Satellite_D,2023-01-02 13:20:00,7017.462602680466,0,Uncontrolled: Monitoring required
Satellite_D,2023-01-02 13:30:00,7014.991589880807,0,Uncontrolled: Monitoring required
Satellite_D,2023-01-02 13:40:00,7024.588942215337,0,Uncontrolled: Monitoring required
Satellite_D,2023-01-02 13:50:00,7014.534715530913,0,Uncontrolled: Monitoring required
Satellite_D,2023-01-02 14:00:00,7022.061380196642,0,Uncontrolled: Monitoring required
Satellite_D,2023-01-02 14:10:00,7010.26774729108,0,Uncontrolled: Monitoring required
Satellite_D,2023-01-02 14:20:00,7018.175309440602,0,Uncontrolled: Monitoring required
Satellite_D,2023-01-02 14:30:00,7036.1911211114475,1,Entering controlled maintenance
Satellite_D,2023-01-02 14:40:00,7015.614758745647,0,Uncontrolled: Monitoring required
Satellite_D,2023-01-02 14:50:00,7038.941711729677,1,Entering controlled maintenance
Satellite_D,2023-01-02 15:00:00,7023.865388815947,0,Uncontrolled: Monitoring required
Satellite_D,2023-01-02 15:10:00,7022.412443241139,0,Uncontrolled: Monitoring required
Satellite_D,2023-01-02 15:20:00,7024.058183614443,0,Uncontrolled: Monitoring required
Satellite_D,2023-01-02 15:30:00,7021.558867194287,0,Uncontrolled: Monitoring required
Satellite_D,2023-01-02 15:40:00,7019.696693387849,0,Uncontrolled: Monitoring required
Satellite_D,2023-01-02 15:50:00,7016.697344564792,0,Uncontrolled: Monitoring required
Satellite_D,2023-01-02 16:00:00,7021.621449889095,0,Uncontrolled: Monitoring required
Satellite_D,2023-01-02 16:10:00,7018.370771164485,0,Uncontrolled: Monitoring required
Satellite_D,2023-01-02 16:20:00,7019.404997230404,0,Uncontrolled: Monitoring required
Satellite_D,2023-01-02 16:30:00,7019.637947577761,0,Uncontrolled: Monitoring required
Satellite_D,2023-01-02 16:40:00,7014.425273206546,0,Uncontrolled: Monitoring required
Satellite_D,2023-01-02 16:50:00,7005.671073187902,0,Uncontrolled: Monitoring required
Satellite_D,2023-01-02 17:00:00,7025.584573871652,0,Uncontrolled: Monitoring required
Satellite_D,2023-01-02 17:10:00,7009.113557221813,0,Uncontrolled: Monitoring required
Satellite_D,2023-01-02 17:20:00,6997.229443796465,0,Uncontrolled: Monitoring required
Satellite_D,2023-01-02 17:30:00,7014.685856849284,0,Uncontrolled: Monitoring required
Satellite_D,2023-01-02 17:40:00,7019.279609556823,0,Uncontrolled: Monitoring required
Satellite_D,2023-01-02 17:50:00,7008.291313772072,0,Uncontrolled: Monitoring required
Satellite_D,2023-01-02 18:00:00,7004.071321788825,0,Uncontrolled: Monitoring required
Satellite_D,2023-01-02 18:10:00,7005.049218731197,0,Uncontrolled: Monitoring required
Satellite_D,2023-01-02 18:20:00,7006.644929761093,0,Uncontrolled: Monitoring required
Satellite_D,2023-01-02 18:30:00,6993.647781658596,0,Uncontrolled: Monitoring required
Satellite_D,2023-01-02 18:40:00,7005.073442562547,0,Uncontrolled: Monitoring required
Satellite_D,2023-01-02 18:50:00,7011.816169024366,0,Uncontrolled: Monitoring required
Satellite_D,2023-01-02 19:00:00,6991.696549070644,0,Uncontrolled: Monitoring required
Satellite_D,2023-01-02 19:10:00,7006.119719611212,0,Uncontrolled: Monitoring required
Satellite_D,2023-01-02 19:20:00,7012.229578101535,0,Uncontrolled: Monitoring required
Satellite_D,2023-01-02 19:30:00,7024.58748161389,0,Uncontrolled: Monitoring required
Satellite_D,2023-01-02 19:40:00,6984.336306981148,0,Uncontrolled: Monitoring required
Satellite_D,2023-01-02 19:50:00,7001.4370876788425,0,Uncontrolled: Monitoring required
Satellite_D,2023-01-02 20:00:00,7002.013042666788,0,Uncontrolled: Monitoring required
Satellite_D,2023-01-02 20:10:00,7002.329393595412,0,Uncontrolled: Monitoring required
Satellite_D,2023-01-02 20:20:00,6992.4451387390745,0,Uncontrolled: Monitoring required
Satellite_D,2023-01-02 20:30:00,7010.967015678988,0,Uncontrolled: Monitoring required
Satellite_D,2023-01-02 20:40:00,7004.350035826469,0,Uncontrolled: Monitoring required
Satellite_D,2023-01-02 20:50:00,7027.859458974777,0,Uncontrolled: Monitoring required
Satellite_D,2023-01-02 21:00:00,6995.9128058420465,0,Uncontrolled: Monitoring required
Satellite_D,2023-01-02 21:10:00,7002.304348069547,0,Uncontrolled: Monitoring required
Satellite_D,2023-01-02 21:20:00,7004.232547565971,0,Uncontrolled: Monitoring required
Satellite_D,2023-01-02 21:30:00,7006.175421657941,0,Uncontrolled: Monitoring required
Satellite_D,2023-01-02 21:40:00,7012.116730574113,0,Uncontrolled: Monitoring required
Satellite_D,2023-01-02 21:50:00,6995.997631408672,0,Uncontrolled: Monitoring required
Satellite_D,2023-01-02 22:00:00,7013.747163175575,0,Uncontrolled: Monitoring required
Satellite_D,2023-01-02 22:10:00,6978.677980105035,0,Uncontrolled: Monitoring required
Satellite_D,2023-01-02 22:20:00,6999.301669590772,0,Uncontrolled: Monitoring required
Satellite_D,2023-01-02 22:30:00,7002.411253158185,0,Uncontrolled: Monitoring required
Satellite_D,2023-01-02 22:40:00,7002.742446028253,0,Uncontrolled: Monitoring required
Satellite_D,2023-01-02 22:50:00,7004.325664962791,0,Uncontrolled: Monitoring required
Satellite_D,2023-01-02 23:00:00,7002.690706566419,0,Uncontrolled: Monitoring required
Satellite_D,2023-01-02 23:10:00,7000.279039138775,0,Uncontrolled: Monitoring required
Satellite_D,2023-01-02 23:20:00,7002.123202343314,0,Uncontrolled: Monitoring required
Satellite_D,2023-01-02 23:30:00,7011.570028923619,0,Uncontrolled: Monitoring required
Satellite_D,2023-01-02 23:40:00,6988.26984440103,0,Uncontrolled: Monitoring required
Satellite_D,2023-01-02 23:50:00,6999.9949864281825,0,Uncontrolled: Monitoring required
Satellite_D,2023-01-03 00:00:00,7001.65926024515,0,Uncontrolled: Monitoring required
Satellite_D,2023-01-03 00:10:00,6983.4931787383275,0,Uncontrolled: Monitoring required
Satellite_D,2023-01-03 00:20:00,6986.195203235342,0,Uncontrolled: Monitoring required
Satellite_D,2023-01-03 00:30:00,6989.788826353588,0,Uncontrolled: Monitoring required
Satellite_D,2023-01-03 00:40:00,7008.442417896313,0,Uncontrolled: Monitoring required
Satellite_D,2023-01-03 00:50:00,7008.347450176873,0,Uncontrolled: Monitoring required
Satellite_D,2023-01-03 01:00:00,7013.821629225727,0,Uncontrolled: Monitoring required
Satellite_D,2023-01-03 01:10:00,7011.9821652318915,0,Uncontrolled: Monitoring required
Satellite_D,2023-01-03 01:20:00,6994.565647488424,0,Uncontrolled: Monitoring required
Satellite_D,2023-01-03 01:30:00,6998.924723478582,0,Uncontrolled: Monitoring required
Satellite_D,2023-01-03 01:40:00,6998.535754525739,0,Uncontrolled: Monitoring required
Satellite_D,2023-01-03 01:50:00,7013.116703974427,0,Uncontrolled: Monitoring required
Satellite_D,2023-01-03 02:00:00,6998.163935089893,0,Uncontrolled: Monitoring required
Satellite_D,2023-01-03 02:10:00,6997.412290593483,0,Uncontrolled: Monitoring required
Satellite_D,2023-01-03 02:20:00,7012.678838484195,0,Uncontrolled: Monitoring required
Satellite_D,2023-01-03 02:30:00,7006.0117009795185,0,Uncontrolled: Monitoring required
Satellite_D,2023-01-03 02:40:00,7010.280627036998,0,Uncontrolled: Monitoring required
Satellite_D,2023-01-03 02:50:00,7007.865415013655,0,Uncontrolled: Monitoring required
Satellite_D,2023-01-03 03:00:00,7005.349348269482,0,Uncontrolled: Monitoring required
Satellite_D,2023-01-03 03:10:00,6996.3090950576425,0,Uncontrolled: Monitoring required
Satellite_D,2023-01-03 03:20:00,7001.351821642719,0,Uncontrolled: Monitoring required
Satellite_D,2023-01-03 03:30:00,7017.634011487442,0,Uncontrolled: Monitoring required
Satellite_D,2023-01-03 03:40:00,6986.150722455185,0,Uncontrolled: Monitoring required
Satellite_D,2023-01-03 03:50:00,7012.670226887058,0,Uncontrolled: Monitoring required
Satellite_D,2023-01-03 04:00:00,7005.988517212999,0,Uncontrolled: Monitoring required
Satellite_D,2023-01-03 04:10:00,7009.529186519045,0,Uncontrolled: Monitoring required
Satellite_D,2023-01-03 04:20:00,7039.412080998855,1,Entering controlled maintenance
Satellite_D,2023-01-03 04:30:00,6997.317542212431,0,Uncontrolled: Monitoring required
Satellite_D,2023-01-03 04:40:00,6995.981176416554,0,Uncontrolled: Monitoring required
Satellite_D,2023-01-03 04:50:00,7006.686411471564,0,Uncontrolled: Monitoring required
Satellite_D,2023-01-03 05:00:00,7005.288880067648,0,Uncontrolled: Monitoring required
Satellite_D,2023-01-03 05:10:00,7016.651769141382,0,Uncontrolled: Monitoring required
Satellite_D,2023-01-03 05:20:00,7012.0907555009835,0,Uncontrolled: Monitoring required
Satellite_D,2023-01-03 05:30:00,7021.549227043952,0,Uncontrolled: Monitoring required
Satellite_D,2023-01-03 05:40:00,7012.017060751026,0,Uncontrolled: Monitoring required
Satellite_D,2023-01-03 05:50:00,6997.687977738882,0,Uncontrolled: Monitoring required
Satellite_D,2023-01-03 06:00:00,7008.7957384975525,0,Uncontrolled: Monitoring required
Satellite_D,2023-01-03 06:10:00,6994.0612098086,0,Uncontrolled: Monitoring required
Satellite_D,2023-01-03 06:20:00,7002.548184860819,0,Uncontrolled: Monitoring required
Satellite_D,2023-01-03 06:30:00,7009.626334621631,0,Uncontrolled: Monitoring required
Satellite_D,2023-01-03 06:40:00,7019.915442380033,0,Uncontrolled: Monitoring required
Satellite_D,2023-01-03 06:50:00,7016.028499038036,0,Uncontrolled: Monitoring required
Satellite_D,2023-01-03 07:00:00,7018.50587661798,0,Uncontrolled: Monitoring required
Satellite_D,2023-01-03 07:10:00,7010.591571836836,0,Uncontrolled: Monitoring required
Satellite_D,2023-01-03 07:20:00,7017.228754173936,0,Uncontrolled: Monitoring required
Satellite_D,2023-01-03 07:30:00,7026.647979955442,0,Uncontrolled: Monitoring required
Satellite_D,2023-01-03 07:40:00,7010.04177587173,0,Uncontrolled: Monitoring required
Satellite_D,2023-01-03 07:50:00,7020.005101532088,0,Uncontrolled: Monitoring required
Satellite_D,2023-01-03 08:00:00,7025.941280816319,0,Uncontrolled: Monitoring required
Satellite_D,2023-01-03 08:10:00,7006.388715845076,0,Uncontrolled: Monitoring required
Satellite_D,2023-01-03 08:20:00,7003.102690865756,0,Uncontrolled: Monitoring required
Satellite_D,2023-01-03 08:30:00,7024.137058720134,0,Uncontrolled: Monitoring required
Satellite_D,2023-01-03 08:40:00,7030.005258888265,1,Entering controlled maintenance
Satellite_D,2023-01-03 08:50:00,7034.986496469083,1,Controlled: Maintenance ongoing
Satellite_D,2023-01-03 09:00:00,7027.151484619061,0,Uncontrolled: Monitoring required
Satellite_D,2023-01-03 09:10:00,7028.794207440698,0,Uncontrolled: Monitoring required
Satellite_D,2023-01-03 09:20:00,7023.529806842146,0,Uncontrolled: Monitoring required
Satellite_D,2023-01-03 09:30:00,7028.136323592416,0,Uncontrolled: Monitoring required
Satellite_D,2023-01-03 09:40:00,7025.903368731569,0,Uncontrolled: Monitoring required
Satellite_D,2023-01-03 09:50:00,7039.040571028274,1,Entering controlled maintenance
Satellite_D,2023-01-03 10:00:00,7036.3678268761205,1,Controlled: Maintenance ongoing
Satellite_D,2023-01-03 10:10:00,7058.631542681452,1,Controlled: Maintenance ongoing
Satellite_D,2023-01-03 10:20:00,7012.099481361671,0,Uncontrolled: Monitoring required
Satellite_D,2023-01-03 10:30:00,7029.12290641716,0,Uncontrolled: Monitoring required
Satellite_D,2023-01-03 10:40:00,7047.200426382111,1,Entering controlled maintenance
Satellite_D,2023-01-03 10:50:00,7044.671807775309,1,Controlled: Maintenance ongoing
Satellite_D,2023-01-03 11:00:00,7032.372354756668,1,Controlled: Maintenance ongoing
Satellite_D,2023-01-03 11:10:00,7021.948036441824,0,Uncontrolled: Monitoring required
Satellite_D,2023-01-03 11:20:00,7021.504232296631,0,Uncontrolled: Monitoring required
Satellite_D,2023-01-03 11:30:00,7012.641153605972,0,Uncontrolled: Monitoring required
Satellite_D,2023-01-03 11:40:00,7036.196223437469,1,Entering controlled maintenance
Satellite_D,2023-01-03 11:50:00,7037.429449984783,1,Controlled: Maintenance ongoing
Satellite_D,2023-01-03 12:00:00,7033.917686372812,1,Controlled: Maintenance ongoing
Satellite_D,2023-01-03 12:10:00,7023.413252756672,0,Uncontrolled: Monitoring required
Satellite_D,2023-01-03 12:20:00,7027.413744096386,0,Uncontrolled: Monitoring required
Satellite_D,2023-01-03 12:30:00,7009.864021115485,0,Uncontrolled: Monitoring required
Satellite_D,2023-01-03 12:40:00,7042.12149443237,1,Entering controlled maintenance
Satellite_D,2023-01-03 12:50:00,7030.22720829675,1,Controlled: Maintenance ongoing
Satellite_D,2023-01-03 13:00:00,7024.343238244765,0,Uncontrolled: Monitoring required
Satellite_D,2023-01-03 13:10:00,7045.443103564909,1,Entering controlled maintenance
Satellite_D,2023-01-03 13:20:00,7046.940032862116,1,Controlled: Maintenance ongoing
Satellite_D,2023-01-03 13:30:00,7026.022441934327,0,Uncontrolled: Monitoring required
Satellite_D,2023-01-03 13:40:00,7043.466698741062,1,Entering controlled maintenance
Satellite_D,2023-01-03 13:50:00,7031.453063898883,1,Controlled: Maintenance ongoing
Satellite_D,2023-01-03 14:00:00,7032.451473386216,1,Controlled: Maintenance ongoing
Satellite_D,2023-01-03 14:10:00,7025.42744542548,0,Uncontrolled: Monitoring required
Satellite_D,2023-01-03 14:20:00,7048.199981750305,1,Entering controlled maintenance
Satellite_D,2023-01-03 14:30:00,7036.578013320417,1,Controlled: Maintenance ongoing
Satellite_D,2023-01-03 14:40:00,7032.4753576136345,1,Controlled: Maintenance ongoing
Satellite_D,2023-01-03 14:50:00,7047.755040516978,1,Controlled: Maintenance ongoing
Satellite_D,2023-01-03 15:00:00,7030.62866619723,1,Controlled: Maintenance ongoing
Satellite_D,2023-01-03 15:10:00,7031.946589323703,1,Controlled: Maintenance ongoing
Satellite_D,2023-01-03 15:20:00,7034.6640916631695,1,Controlled: Maintenance ongoing
Satellite_D,2023-01-03 15:30:00,7028.7244750798145,0,Uncontrolled: Monitoring required
Satellite_D,2023-01-03 15:40:00,7031.9920605845045,1,Entering controlled maintenance
Satellite_D,2023-01-03 15:50:00,7047.514173470032,1,Controlled: Maintenance ongoing
Satellite_D,2023-01-03 16:00:00,7050.311494910812,1,Controlled: Maintenance ongoing
Satellite_D,2023-01-03 16:10:00,7039.148552778824,1,Controlled: Maintenance ongoing
Satellite_D,2023-01-03 16:20:00,7036.549431133064,1,Controlled: Maintenance ongoing
Satellite_D,2023-01-03 16:30:00,7030.294116596415,1,Controlled: Maintenance ongoing
Satellite_D,2023-01-03 16:40:00,7019.924574502301,0,Uncontrolled: Monitoring required
Satellite_D,2023-01-03 16:50:00,7016.286280723826,0,Uncontrolled: Monitoring required
Satellite_D,2023-01-03 17:00:00,7036.90392114058,1,Entering controlled maintenance
Satellite_D,2023-01-03 17:10:00,7031.646100147398,1,Controlled: Maintenance ongoing
Satellite_D,2023-01-03 17:20:00,7012.9720499073655,0,Uncontrolled: Monitoring required
Satellite_D,2023-01-03 17:30:00,7046.678498367268,1,Entering controlled maintenance
Satellite_D,2023-01-03 17:40:00,7043.46931874373,1,Controlled: Maintenance ongoing
Satellite_D,2023-01-03 17:50:00,7023.680249283782,0,Uncontrolled: Monitoring required
Satellite_D,2023-01-03 18:00:00,7031.379993738243,1,Entering controlled maintenance
Satellite_D,2023-01-03 18:10:00,7019.512709213094,0,Uncontrolled: Monitoring required
Satellite_D,2023-01-03 18:20:00,7029.598202148124,0,Uncontrolled: Monitoring required
Satellite_D,2023-01-03 18:30:00,7039.16099164178,1,Entering controlled maintenance
Satellite_D,2023-01-03 18:40:00,7022.720049976811,0,Uncontrolled: Monitoring required
Satellite_D,2023-01-03 18:50:00,7034.322030929537,1,Entering controlled maintenance
Satellite_D,2023-01-03 19:00:00,7031.687080645544,1,Controlled: Maintenance ongoing
Satellite_D,2023-01-03 19:10:00,7022.680674460723,0,Uncontrolled: Monitoring required
Satellite_D,2023-01-03 19:20:00,7021.607350381938,0,Uncontrolled: Monitoring required
Satellite_D,2023-01-03 19:30:00,7005.740068293929,0,Uncontrolled: Monitoring required
Satellite_D,2023-01-03 19:40:00,7033.012812459396,1,Entering controlled maintenance
Satellite_D,2023-01-03 19:50:00,7017.3721503186625,0,Uncontrolled: Monitoring required
Satellite_D,2023-01-03 20:00:00,7018.631568601539,0,Uncontrolled: Monitoring required
Satellite_D,2023-01-03 20:10:00,7025.9263762200135,0,Uncontrolled: Monitoring required
Satellite_D,2023-01-03 20:20:00,7004.3815628471275,0,Uncontrolled: Monitoring required
Satellite_D,2023-01-03 20:30:00,7025.8307273818355,0,Uncontrolled: Monitoring required
Satellite_D,2023-01-03 20:40:00,7018.409765409816,0,Uncontrolled: Monitoring required
Satellite_D,2023-01-03 20:50:00,7036.154604277699,1,Entering controlled maintenance
Satellite_D,2023-01-03 21:00:00,7005.2804198418235,0,Uncontrolled: Monitoring required
Satellite_D,2023-01-03 21:10:00,7025.898236843524,0,Uncontrolled: Monitoring required
Satellite_D,2023-01-03 21:20:00,7023.197497709181,0,Uncontrolled: Monitoring required
Satellite_D,2023-01-03 21:30:00,7022.357164773345,0,Uncontrolled: Monitoring required
Satellite_D,2023-01-03 21:40:00,7009.562789700448,0,Uncontrolled: Monitoring required
Satellite_D,2023-01-03 21:50:00,7015.654495622271,0,Uncontrolled: Monitoring required
Satellite_D,2023-01-03 22:00:00,7024.283983459571,0,Uncontrolled: Monitoring required
Satellite_D,2023-01-03 22:10:00,7016.904929144192,0,Uncontrolled: Monitoring required
Satellite_D,2023-01-03 22:20:00,7020.944168244307,0,Uncontrolled: Monitoring required
Satellite_D,2023-01-03 22:30:00,7024.1196531006135,0,Uncontrolled: Monitoring required
Satellite_D,2023-01-03 22:40:00,7004.830179675409,0,Uncontrolled: Monitoring required
Satellite_D,2023-01-03 22:50:00,7006.489178893444,0,Uncontrolled: Monitoring required
Satellite_D,2023-01-03 23:00:00,7024.055721213044,0,Uncontrolled: Monitoring required
Satellite_D,2023-01-03 23:10:00,7006.319325858935,0,Uncontrolled: Monitoring required
Satellite_D,2023-01-03 23:20:00,7003.919635206279,0,Uncontrolled: Monitoring required
Satellite_D,2023-01-03 23:30:00,7024.396127280394,0,Uncontrolled: Monitoring required
Satellite_D,2023-01-03 23:40:00,7023.30678431741,0,Uncontrolled: Monitoring required
Satellite_D,2023-01-03 23:50:00,7007.209011769493,0,Uncontrolled: Monitoring required
Satellite_D,2023-01-04 00:00:00,7013.230952546239,0,Uncontrolled: Monitoring required
Satellite_D,2023-01-04 00:10:00,7016.357336859649,0,Uncontrolled: Monitoring required
Satellite_D,2023-01-04 00:20:00,7028.287122095338,0,Uncontrolled: Monitoring required
Satellite_D,2023-01-04 00:30:00,7029.790043395455,0,Uncontrolled: Monitoring required
Satellite_D,2023-01-04 00:40:00,7009.306596301613,0,Uncontrolled: Monitoring required
Satellite_D,2023-01-04 00:50:00,7005.863149504418,0,Uncontrolled: Monitoring required
Satellite_D,2023-01-04 01:00:00,7021.455742106462,0,Uncontrolled: Monitoring required
Satellite_D,2023-01-04 01:10:00,6999.404510788229,0,Uncontrolled: Monitoring required
Satellite_D,2023-01-04 01:20:00,6999.328375796096,0,Uncontrolled: Monitoring required
Satellite_D,2023-01-04 01:30:00,6999.4856756322315,0,Uncontrolled: Monitoring required
Satellite_D,2023-01-04 01:40:00,7002.311115826989,0,Uncontrolled: Monitoring required
Satellite_D,2023-01-04 01:50:00,7016.474361995882,0,Uncontrolled: Monitoring required
Satellite_D,2023-01-04 02:00:00,7005.187036172448,0,Uncontrolled: Monitoring required
Satellite_D,2023-01-04 02:10:00,7004.68310954652,0,Uncontrolled: Monitoring required
Satellite_D,2023-01-04 02:20:00,7004.127673125053,0,Uncontrolled: Monitoring required
Satellite_D,2023-01-04 02:30:00,7008.917118038069,0,Uncontrolled: Monitoring required
Satellite_D,2023-01-04 02:40:00,7023.572343625012,0,Uncontrolled: Monitoring required
Satellite_D,2023-01-04 02:50:00,7006.040052600212,0,Uncontrolled: Monitoring required
Satellite_D,2023-01-04 03:00:00,7018.613177180305,0,Uncontrolled: Monitoring required
Satellite_D,2023-01-04 03:10:00,7011.532823314966,0,Uncontrolled: Monitoring required
Satellite_D,2023-01-04 03:20:00,7007.401607633784,0,Uncontrolled: Monitoring required
Satellite_D,2023-01-04 03:30:00,7021.245542738704,0,Uncontrolled: Monitoring required
Satellite_D,2023-01-04 03:40:00,6995.088731339464,0,Uncontrolled: Monitoring required
Satellite_D,2023-01-04 03:50:00,6998.593046933908,0,Uncontrolled: Monitoring required
Satellite_D,2023-01-04 04:00:00,7006.4255488709705,0,Uncontrolled: Monitoring required
Satellite_D,2023-01-04 04:10:00,7005.584809740304,0,Uncontrolled: Monitoring required
Satellite_D,2023-01-04 04:20:00,7012.944929835662,0,Uncontrolled: Monitoring required
Satellite_D,2023-01-04 04:30:00,7017.956252670445,0,Uncontrolled: Monitoring required
Satellite_D,2023-01-04 04:40:00,7025.940128220325,0,Uncontrolled: Monitoring required
Satellite_D,2023-01-04 04:50:00,6999.881696386047,0,Uncontrolled: Monitoring required
Satellite_D,2023-01-04 05:00:00,6999.336645766162,0,Uncontrolled: Monitoring required
Satellite_D,2023-01-04 05:10:00,7000.206358313069,0,Uncontrolled: Monitoring required
Satellite_D,2023-01-04 05:20:00,6995.640428778746,0,Uncontrolled: Monitoring required
Satellite_D,2023-01-04 05:30:00,7015.715501125102,0,Uncontrolled: Monitoring required
Satellite_D,2023-01-04 05:40:00,7021.1385866688315,0,Uncontrolled: Monitoring required
Satellite_D,2023-01-04 05:50:00,7002.004948146775,0,Uncontrolled: Monitoring required
Satellite_D,2023-01-04 06:00:00,7011.132693984857,0,Uncontrolled: Monitoring required
Satellite_D,2023-01-04 06:10:00,6996.662939491662,0,Uncontrolled: Monitoring required
Satellite_D,2023-01-04 06:20:00,7008.100067148166,0,Uncontrolled: Monitoring required
Satellite_D,2023-01-04 06:30:00,7007.303917954661,0,Uncontrolled: Monitoring required
Satellite_D,2023-01-04 06:40:00,6999.584037260333,0,Uncontrolled: Monitoring required
Satellite_D,2023-01-04 06:50:00,7019.421570417176,0,Uncontrolled: Monitoring required
Satellite_D,2023-01-04 07:00:00,7023.414198283622,0,Uncontrolled: Monitoring required
Satellite_D,2023-01-04 07:10:00,7012.041559142532,0,Uncontrolled: Monitoring required
Satellite_D,2023-01-04 07:20:00,7027.790221290166,0,Uncontrolled: Monitoring required
Satellite_D,2023-01-04 07:30:00,7020.813529233873,0,Uncontrolled: Monitoring required
Satellite_D,2023-01-04 07:40:00,7006.941037294837,0,Uncontrolled: Monitoring required
Satellite_D,2023-01-04 07:50:00,7013.185461176931,0,Uncontrolled: Monitoring required
Satellite_D,2023-01-04 08:00:00,7015.938188083233,0,Uncontrolled: Monitoring required
Satellite_D,2023-01-04 08:10:00,7008.924252129791,0,Uncontrolled: Monitoring required
Satellite_D,2023-01-04 08:20:00,7011.0773706511445,0,Uncontrolled: Monitoring required
Satellite_D,2023-01-04 08:30:00,7019.515899246764,0,Uncontrolled: Monitoring required
Satellite_D,2023-01-04 08:40:00,7015.750641972679,0,Uncontrolled: Monitoring required
Satellite_D,2023-01-04 08:50:00,7016.830413576434,0,Uncontrolled: Monitoring required
Satellite_D,2023-01-04 09:00:00,7008.459111891243,0,Uncontrolled: Monitoring required
Satellite_D,2023-01-04 09:10:00,7029.873382554848,0,Uncontrolled: Monitoring required
Satellite_D,2023-01-04 09:20:00,7004.742294806478,0,Uncontrolled: Monitoring required
Satellite_D,2023-01-04 09:30:00,7021.951136051025,0,Uncontrolled: Monitoring required
Satellite_D,2023-01-04 09:40:00,7023.0533815261715,0,Uncontrolled: Monitoring required
Satellite_D,2023-01-04 09:50:00,7018.424211437164,0,Uncontrolled: Monitoring required
Satellite_D,2023-01-04 10:00:00,7020.410022373222,0,Uncontrolled: Monitoring required
Satellite_D,2023-01-04 10:10:00,7023.442296402996,0,Uncontrolled: Monitoring required
Satellite_D,2023-01-04 10:20:00,7019.11795971921,0,Uncontrolled: Monitoring required
Satellite_D,2023-01-04 10:30:00,7024.652863767822,0,Uncontrolled: Monitoring required
Satellite_D,2023-01-04 10:40:00,7031.964801293846,1,Entering controlled maintenance
Satellite_D,2023-01-04 10:50:00,7012.192462400057,0,Uncontrolled: Monitoring required
Satellite_D,2023-01-04 11:00:00,7031.007588115976,1,Entering controlled maintenance
Satellite_D,2023-01-04 11:10:00,7026.596228215331,0,Uncontrolled: Monitoring required
